{
    "loss": 1.1197309494018555,
    "accuracy": 0.8945578336715698
}