{
    "loss": 1.3851070404052734,
    "accuracy": 0.8737494945526123
}