{
    "loss": 1.385107159614563,
    "accuracy": 0.8737494945526123
}